data,output
ใช่,ใช่
ใช่ครับ,ใช่
ใช่ค่ะ,ใช่
ใช่นะ,ใช่
ใช่คับ,ใช่
ใช่นะคะ,ใช่
ใช่นะจ๊ะ,ใช่
ใช่จ้า,ใช่
ใช่ละ,ใช่
ใช่ว่ะ,ใช่
ใช่จ้ะ,ใช่
ใช่จ๊ะ,ใช่
แน่นอน,ใช่
แน่นอนครับ,ใช่
แน่นอนค่ะ,ใช่
แน่นอนนะ,ใช่
แน่นอนคับ,ใช่
แน่นอนนะคะ,ใช่
แน่นอนนะจ๊ะ,ใช่
แน่นอนจ้า,ใช่
แน่นอนละ,ใช่
แน่นอนว่ะ,ใช่
แน่นอนจ้ะ,ใช่
แน่นอนจ๊ะ,ใช่
ดี,ใช่
ดีครับ,ใช่
ดีค่ะ,ใช่
ดีนะ,ใช่
ดีคับ,ใช่
ดีนะคะ,ใช่
ดีนะจ๊ะ,ใช่
ดีจ้า,ใช่
ดีละ,ใช่
ดีว่ะ,ใช่
ดีจ้ะ,ใช่
ดีจ๊ะ,ใช่
ถูก,ใช่
ถูกครับ,ใช่
ถูกค่ะ,ใช่
ถูกนะ,ใช่
ถูกคับ,ใช่
ถูกนะคะ,ใช่
ถูกนะจ๊ะ,ใช่
ถูกจ้า,ใช่
ถูกละ,ใช่
ถูกว่ะ,ใช่
ถูกจ้ะ,ใช่
ถูกจ๊ะ,ใช่
โอเคร,ใช่
โอเครครับ,ใช่
โอเครค่ะ,ใช่
โอเครนะ,ใช่
โอเครคับ,ใช่
โอเครนะคะ,ใช่
โอเครนะจ๊ะ,ใช่
โอเครจ้า,ใช่
โอเครละ,ใช่
โอเครว่ะ,ใช่
โอเครจ้ะ,ใช่
โอเครจ๊ะ,ใช่
ชอบ,ใช่
ชอบครับ,ใช่
ชอบค่ะ,ใช่
ชอบนะ,ใช่
ชอบคับ,ใช่
ชอบนะคะ,ใช่
ชอบนะจ๊ะ,ใช่
ชอบจ้า,ใช่
ชอบละ,ใช่
ชอบว่ะ,ใช่
ชอบจ้ะ,ใช่
ชอบจ๊ะ,ใช่
เก่ง,ใช่
เก่งครับ,ใช่
เก่งค่ะ,ใช่
เก่งนะ,ใช่
เก่งคับ,ใช่
เก่งนะคะ,ใช่
เก่งนะจ๊ะ,ใช่
เก่งจ้า,ใช่
เก่งละ,ใช่
เก่งว่ะ,ใช่
เก่งจ้ะ,ใช่
เก่งจ๊ะ,ใช่
ได้,ใช่
ได้ครับ,ใช่
ได้ค่ะ,ใช่
ได้นะ,ใช่
ได้คับ,ใช่
ได้นะคะ,ใช่
ได้นะจ๊ะ,ใช่
ได้จ้า,ใช่
ได้ละ,ใช่
ได้ว่ะ,ใช่
ได้จ้ะ,ใช่
ได้จ๊ะ,ใช่
รู้,ใช่
รู้ครับ,ใช่
รู้ค่ะ,ใช่
รู้นะ,ใช่
รู้คับ,ใช่
รู้นะคะ,ใช่
รู้นะจ๊ะ,ใช่
รู้จ้า,ใช่
รู้ละ,ใช่
รู้ว่ะ,ใช่
รู้จ้ะ,ใช่
รู้จ๊ะ,ใช่
ต้องการ,ใช่
ต้องการครับ,ใช่
ต้องการค่ะ,ใช่
ต้องการนะ,ใช่
ต้องการคับ,ใช่
ต้องการนะคะ,ใช่
ต้องการนะจ๊ะ,ใช่
ต้องการจ้า,ใช่
ต้องการละ,ใช่
ต้องการว่ะ,ใช่
ต้องการจ้ะ,ใช่
ต้องการจ๊ะ,ใช่
เป็น,ใช่
เป็นครับ,ใช่
เป็นค่ะ,ใช่
เป็นนะ,ใช่
เป็นคับ,ใช่
เป็นนะคะ,ใช่
เป็นนะจ๊ะ,ใช่
เป็นจ้า,ใช่
เป็นละ,ใช่
เป็นว่ะ,ใช่
เป็นจ้ะ,ใช่
เป็นจ๊ะ,ใช่
เห็น,ใช่
เห็นครับ,ใช่
เห็นค่ะ,ใช่
เห็นนะ,ใช่
เห็นคับ,ใช่
เห็นนะคะ,ใช่
เห็นนะจ๊ะ,ใช่
เห็นจ้า,ใช่
เห็นละ,ใช่
เห็นว่ะ,ใช่
เห็นจ้ะ,ใช่
เห็นจ๊ะ,ใช่
เอา,ใช่
เอาครับ,ใช่
เอาค่ะ,ใช่
เอานะ,ใช่
เอาคับ,ใช่
เอานะคะ,ใช่
เอานะจ๊ะ,ใช่
เอาจ้า,ใช่
เอาละ,ใช่
เอาว่ะ,ใช่
เอาจ้ะ,ใช่
เอาจ๊ะ,ใช่
จริง,ใช่
จริงครับ,ใช่
จริงค่ะ,ใช่
จริงนะ,ใช่
จริงคับ,ใช่
จริงนะคะ,ใช่
จริงนะจ๊ะ,ใช่
จริงจ้า,ใช่
จริงละ,ใช่
จริงว่ะ,ใช่
จริงจ้ะ,ใช่
จริงจ๊ะ,ใช่
จิง,ใช่
จิงครับ,ใช่
จิงค่ะ,ใช่
จิงนะ,ใช่
จิงคับ,ใช่
จิงนะคะ,ใช่
จิงนะจ๊ะ,ใช่
จิงจ้า,ใช่
จิงละ,ใช่
จิงว่ะ,ใช่
จิงจ้ะ,ใช่
จิงจ๊ะ,ใช่
ไป,ใช่
ไปครับ,ใช่
ไปค่ะ,ใช่
ไปนะ,ใช่
ไปคับ,ใช่
ไปนะคะ,ใช่
ไปนะจ๊ะ,ใช่
ไปจ้า,ใช่
ไปละ,ใช่
ไปว่ะ,ใช่
ไปจ้ะ,ใช่
ไปจ๊ะ,ใช่
เดิน,ใช่
เดินครับ,ใช่
เดินค่ะ,ใช่
เดินนะ,ใช่
เดินคับ,ใช่
เดินนะคะ,ใช่
เดินนะจ๊ะ,ใช่
เดินจ้า,ใช่
เดินละ,ใช่
เดินว่ะ,ใช่
เดินจ้ะ,ใช่
เดินจ๊ะ,ใช่
อยาก,ใช่
อยากครับ,ใช่
อยากค่ะ,ใช่
อยากนะ,ใช่
อยากคับ,ใช่
อยากนะคะ,ใช่
อยากนะจ๊ะ,ใช่
อยากจ้า,ใช่
อยากละ,ใช่
อยากว่ะ,ใช่
อยากจ้ะ,ใช่
อยากจ๊ะ,ใช่
มา,ใช่
มาครับ,ใช่
มาค่ะ,ใช่
มานะ,ใช่
มาคับ,ใช่
มานะคะ,ใช่
มานะจ๊ะ,ใช่
มาจ้า,ใช่
มาละ,ใช่
มาว่ะ,ใช่
มาจ้ะ,ใช่
มาจ๊ะ,ใช่
ครับ,ใช่
คับ,ใช่
ไม่ใช่,ไม่ใช่
ไม่ใช่ครับ,ไม่ใช่
ไม่ใช่ค่ะ,ไม่ใช่
ไม่ใช่นะ,ไม่ใช่
ไม่ใช่คับ,ไม่ใช่
ไม่ใช่นะคะ,ไม่ใช่
ไม่ใช่นะจ๊ะ,ไม่ใช่
ไม่ใช่จ้า,ไม่ใช่
ไม่ใช่ละ,ไม่ใช่
ไม่ใช่ว่ะ,ไม่ใช่
ไม่ใช่จ้ะ,ไม่ใช่
ไม่ใช่จ๊ะ,ไม่ใช่
ไม่แน่นอน,ไม่ใช่
ไม่แน่นอนครับ,ไม่ใช่
ไม่แน่นอนค่ะ,ไม่ใช่
ไม่แน่นอนนะ,ไม่ใช่
ไม่แน่นอนคับ,ไม่ใช่
ไม่แน่นอนนะคะ,ไม่ใช่
ไม่แน่นอนนะจ๊ะ,ไม่ใช่
ไม่แน่นอนจ้า,ไม่ใช่
ไม่แน่นอนละ,ไม่ใช่
ไม่แน่นอนว่ะ,ไม่ใช่
ไม่แน่นอนจ้ะ,ไม่ใช่
ไม่แน่นอนจ๊ะ,ไม่ใช่
ไม่ดี,ไม่ใช่
ไม่ดีครับ,ไม่ใช่
ไม่ดีค่ะ,ไม่ใช่
ไม่ดีนะ,ไม่ใช่
ไม่ดีคับ,ไม่ใช่
ไม่ดีนะคะ,ไม่ใช่
ไม่ดีนะจ๊ะ,ไม่ใช่
ไม่ดีจ้า,ไม่ใช่
ไม่ดีละ,ไม่ใช่
ไม่ดีว่ะ,ไม่ใช่
ไม่ดีจ้ะ,ไม่ใช่
ไม่ดีจ๊ะ,ไม่ใช่
ไม่ถูก,ไม่ใช่
ไม่ถูกครับ,ไม่ใช่
ไม่ถูกค่ะ,ไม่ใช่
ไม่ถูกนะ,ไม่ใช่
ไม่ถูกคับ,ไม่ใช่
ไม่ถูกนะคะ,ไม่ใช่
ไม่ถูกนะจ๊ะ,ไม่ใช่
ไม่ถูกจ้า,ไม่ใช่
ไม่ถูกละ,ไม่ใช่
ไม่ถูกว่ะ,ไม่ใช่
ไม่ถูกจ้ะ,ไม่ใช่
ไม่ถูกจ๊ะ,ไม่ใช่
ไม่โอเคร,ไม่ใช่
ไม่โอเครครับ,ไม่ใช่
ไม่โอเครค่ะ,ไม่ใช่
ไม่โอเครนะ,ไม่ใช่
ไม่โอเครคับ,ไม่ใช่
ไม่โอเครนะคะ,ไม่ใช่
ไม่โอเครนะจ๊ะ,ไม่ใช่
ไม่โอเครจ้า,ไม่ใช่
ไม่โอเครละ,ไม่ใช่
ไม่โอเครว่ะ,ไม่ใช่
ไม่โอเครจ้ะ,ไม่ใช่
ไม่โอเครจ๊ะ,ไม่ใช่
ไม่ชอบ,ไม่ใช่
ไม่ชอบครับ,ไม่ใช่
ไม่ชอบค่ะ,ไม่ใช่
ไม่ชอบนะ,ไม่ใช่
ไม่ชอบคับ,ไม่ใช่
ไม่ชอบนะคะ,ไม่ใช่
ไม่ชอบนะจ๊ะ,ไม่ใช่
ไม่ชอบจ้า,ไม่ใช่
ไม่ชอบละ,ไม่ใช่
ไม่ชอบว่ะ,ไม่ใช่
ไม่ชอบจ้ะ,ไม่ใช่
ไม่ชอบจ๊ะ,ไม่ใช่
ไม่เก่ง,ไม่ใช่
ไม่เก่งครับ,ไม่ใช่
ไม่เก่งค่ะ,ไม่ใช่
ไม่เก่งนะ,ไม่ใช่
ไม่เก่งคับ,ไม่ใช่
ไม่เก่งนะคะ,ไม่ใช่
ไม่เก่งนะจ๊ะ,ไม่ใช่
ไม่เก่งจ้า,ไม่ใช่
ไม่เก่งละ,ไม่ใช่
ไม่เก่งว่ะ,ไม่ใช่
ไม่เก่งจ้ะ,ไม่ใช่
ไม่เก่งจ๊ะ,ไม่ใช่
ไม่ได้,ไม่ใช่
ไม่ได้ครับ,ไม่ใช่
ไม่ได้ค่ะ,ไม่ใช่
ไม่ได้นะ,ไม่ใช่
ไม่ได้คับ,ไม่ใช่
ไม่ได้นะคะ,ไม่ใช่
ไม่ได้นะจ๊ะ,ไม่ใช่
ไม่ได้จ้า,ไม่ใช่
ไม่ได้ละ,ไม่ใช่
ไม่ได้ว่ะ,ไม่ใช่
ไม่ได้จ้ะ,ไม่ใช่
ไม่ได้จ๊ะ,ไม่ใช่
ไม่รู้,ไม่ใช่
ไม่รู้ครับ,ไม่ใช่
ไม่รู้ค่ะ,ไม่ใช่
ไม่รู้นะ,ไม่ใช่
ไม่รู้คับ,ไม่ใช่
ไม่รู้นะคะ,ไม่ใช่
ไม่รู้นะจ๊ะ,ไม่ใช่
ไม่รู้จ้า,ไม่ใช่
ไม่รู้ละ,ไม่ใช่
ไม่รู้ว่ะ,ไม่ใช่
ไม่รู้จ้ะ,ไม่ใช่
ไม่รู้จ๊ะ,ไม่ใช่
ไม่ต้องการ,ไม่ใช่
ไม่ต้องการครับ,ไม่ใช่
ไม่ต้องการค่ะ,ไม่ใช่
ไม่ต้องการนะ,ไม่ใช่
ไม่ต้องการคับ,ไม่ใช่
ไม่ต้องการนะคะ,ไม่ใช่
ไม่ต้องการนะจ๊ะ,ไม่ใช่
ไม่ต้องการจ้า,ไม่ใช่
ไม่ต้องการละ,ไม่ใช่
ไม่ต้องการว่ะ,ไม่ใช่
ไม่ต้องการจ้ะ,ไม่ใช่
ไม่ต้องการจ๊ะ,ไม่ใช่
ไม่เป็น,ไม่ใช่
ไม่เป็นครับ,ไม่ใช่
ไม่เป็นค่ะ,ไม่ใช่
ไม่เป็นนะ,ไม่ใช่
ไม่เป็นคับ,ไม่ใช่
ไม่เป็นนะคะ,ไม่ใช่
ไม่เป็นนะจ๊ะ,ไม่ใช่
ไม่เป็นจ้า,ไม่ใช่
ไม่เป็นละ,ไม่ใช่
ไม่เป็นว่ะ,ไม่ใช่
ไม่เป็นจ้ะ,ไม่ใช่
ไม่เป็นจ๊ะ,ไม่ใช่
ไม่เห็น,ไม่ใช่
ไม่เห็นครับ,ไม่ใช่
ไม่เห็นค่ะ,ไม่ใช่
ไม่เห็นนะ,ไม่ใช่
ไม่เห็นคับ,ไม่ใช่
ไม่เห็นนะคะ,ไม่ใช่
ไม่เห็นนะจ๊ะ,ไม่ใช่
ไม่เห็นจ้า,ไม่ใช่
ไม่เห็นละ,ไม่ใช่
ไม่เห็นว่ะ,ไม่ใช่
ไม่เห็นจ้ะ,ไม่ใช่
ไม่เห็นจ๊ะ,ไม่ใช่
ไม่เอา,ไม่ใช่
ไม่เอาครับ,ไม่ใช่
ไม่เอาค่ะ,ไม่ใช่
ไม่เอานะ,ไม่ใช่
ไม่เอาคับ,ไม่ใช่
ไม่เอานะคะ,ไม่ใช่
ไม่เอานะจ๊ะ,ไม่ใช่
ไม่เอาจ้า,ไม่ใช่
ไม่เอาละ,ไม่ใช่
ไม่เอาว่ะ,ไม่ใช่
ไม่เอาจ้ะ,ไม่ใช่
ไม่เอาจ๊ะ,ไม่ใช่
ไม่จริง,ไม่ใช่
ไม่จริงครับ,ไม่ใช่
ไม่จริงค่ะ,ไม่ใช่
ไม่จริงนะ,ไม่ใช่
ไม่จริงคับ,ไม่ใช่
ไม่จริงนะคะ,ไม่ใช่
ไม่จริงนะจ๊ะ,ไม่ใช่
ไม่จริงจ้า,ไม่ใช่
ไม่จริงละ,ไม่ใช่
ไม่จริงว่ะ,ไม่ใช่
ไม่จริงจ้ะ,ไม่ใช่
ไม่จริงจ๊ะ,ไม่ใช่
ไม่จิง,ไม่ใช่
ไม่จิงครับ,ไม่ใช่
ไม่จิงค่ะ,ไม่ใช่
ไม่จิงนะ,ไม่ใช่
ไม่จิงคับ,ไม่ใช่
ไม่จิงนะคะ,ไม่ใช่
ไม่จิงนะจ๊ะ,ไม่ใช่
ไม่จิงจ้า,ไม่ใช่
ไม่จิงละ,ไม่ใช่
ไม่จิงว่ะ,ไม่ใช่
ไม่จิงจ้ะ,ไม่ใช่
ไม่จิงจ๊ะ,ไม่ใช่
ไม่ไป,ไม่ใช่
ไม่ไปครับ,ไม่ใช่
ไม่ไปค่ะ,ไม่ใช่
ไม่ไปนะ,ไม่ใช่
ไม่ไปคับ,ไม่ใช่
ไม่ไปนะคะ,ไม่ใช่
ไม่ไปนะจ๊ะ,ไม่ใช่
ไม่ไปจ้า,ไม่ใช่
ไม่ไปละ,ไม่ใช่
ไม่ไปว่ะ,ไม่ใช่
ไม่ไปจ้ะ,ไม่ใช่
ไม่ไปจ๊ะ,ไม่ใช่
ไม่เดิน,ไม่ใช่
ไม่เดินครับ,ไม่ใช่
ไม่เดินค่ะ,ไม่ใช่
ไม่เดินนะ,ไม่ใช่
ไม่เดินคับ,ไม่ใช่
ไม่เดินนะคะ,ไม่ใช่
ไม่เดินนะจ๊ะ,ไม่ใช่
ไม่เดินจ้า,ไม่ใช่
ไม่เดินละ,ไม่ใช่
ไม่เดินว่ะ,ไม่ใช่
ไม่เดินจ้ะ,ไม่ใช่
ไม่เดินจ๊ะ,ไม่ใช่
ไม่อยาก,ไม่ใช่
ไม่อยากครับ,ไม่ใช่
ไม่อยากค่ะ,ไม่ใช่
ไม่อยากนะ,ไม่ใช่
ไม่อยากคับ,ไม่ใช่
ไม่อยากนะคะ,ไม่ใช่
ไม่อยากนะจ๊ะ,ไม่ใช่
ไม่อยากจ้า,ไม่ใช่
ไม่อยากละ,ไม่ใช่
ไม่อยากว่ะ,ไม่ใช่
ไม่อยากจ้ะ,ไม่ใช่
ไม่อยากจ๊ะ,ไม่ใช่
ไม่มา,ไม่ใช่
ไม่มาครับ,ไม่ใช่
ไม่มาค่ะ,ไม่ใช่
ไม่มานะ,ไม่ใช่
ไม่มาคับ,ไม่ใช่
ไม่มานะคะ,ไม่ใช่
ไม่มานะจ๊ะ,ไม่ใช่
ไม่มาจ้า,ไม่ใช่
ไม่มาละ,ไม่ใช่
ไม่มาว่ะ,ไม่ใช่
ไม่มาจ้ะ,ไม่ใช่
ไม่มาจ๊ะ,ไม่ใช่
ไม่,ไม่ใช่
ไม่ครับ,ไม่ใช่
ไม่ค่ะ,ไม่ใช่
ไม่นะ,ไม่ใช่
ไม่คับ,ไม่ใช่
ไม่นะคะ,ไม่ใช่
ไม่นะจ๊ะ,ไม่ใช่
ไม่จ้า,ไม่ใช่
ไม่ละ,ไม่ใช่
ไม่ว่ะ,ไม่ใช่
ไม่จ้ะ,ไม่ใช่
ไม่จ๊ะ,ไม่ใช่
ป่าว,ไม่ใช่
ป่าวครับ,ไม่ใช่
ป่าวค่ะ,ไม่ใช่
ป่าวนะ,ไม่ใช่
ป่าวคับ,ไม่ใช่
ป่าวนะคะ,ไม่ใช่
ป่าวนะจ๊ะ,ไม่ใช่
ป่าวจ้า,ไม่ใช่
ป่าวละ,ไม่ใช่
ป่าวว่ะ,ไม่ใช่
ป่าวจ้ะ,ไม่ใช่
ป่าวจ๊ะ,ไม่ใช่
มิได้,ไม่ใช่
มิได้ครับ,ไม่ใช่
มิได้ค่ะ,ไม่ใช่
มิได้นะ,ไม่ใช่
มิได้คับ,ไม่ใช่
มิได้นะคะ,ไม่ใช่
มิได้นะจ๊ะ,ไม่ใช่
มิได้จ้า,ไม่ใช่
มิได้ละ,ไม่ใช่
มิได้ว่ะ,ไม่ใช่
มิได้จ้ะ,ไม่ใช่
มิได้จ๊ะ,ไม่ใช่
มิใช่,ไม่ใช่
มิใช่ครับ,ไม่ใช่
มิใช่ค่ะ,ไม่ใช่
มิใช่นะ,ไม่ใช่
มิใช่คับ,ไม่ใช่
มิใช่นะคะ,ไม่ใช่
มิใช่นะจ๊ะ,ไม่ใช่
มิใช่จ้า,ไม่ใช่
มิใช่ละ,ไม่ใช่
มิใช่ว่ะ,ไม่ใช่
มิใช่จ้ะ,ไม่ใช่
มิใช่จ๊ะ,ไม่ใช่
ปฏิเสธ,ไม่ใช่
ปฏิเสธครับ,ไม่ใช่
ปฏิเสธค่ะ,ไม่ใช่
ปฏิเสธนะ,ไม่ใช่
ปฏิเสธคับ,ไม่ใช่
ปฏิเสธนะคะ,ไม่ใช่
ปฏิเสธนะจ๊ะ,ไม่ใช่
ปฏิเสธจ้า,ไม่ใช่
ปฏิเสธละ,ไม่ใช่
ปฏิเสธว่ะ,ไม่ใช่
ปฏิเสธจ้ะ,ไม่ใช่
ปฏิเสธจ๊ะ,ไม่ใช่
ได้แน่นอน,ใช่
ได้แน่นอนครับ,ใช่
ได้แน่นอนค่ะ,ใช่
ได้แน่นอนนะ,ใช่
ได้แน่นอนคับ,ใช่
ได้แน่นอนนะคะ,ใช่
ได้แน่นอนนะจ๊ะ,ใช่
ได้แน่นอนจ้า,ใช่
ได้แน่นอนละ,ใช่
ได้แน่นอนว่ะ,ใช่
ได้แน่นอนจ้ะ,ใช่
ได้แน่นอนจ๊ะ,ใช่
ได้สิ,ใช่
ได้สิครับ,ใช่
ได้สิค่ะ,ใช่
ได้สินะ,ใช่
ได้สิคับ,ใช่
ได้สินะคะ,ใช่
ได้สินะจ๊ะ,ใช่
ได้สิจ้า,ใช่
ได้สิละ,ใช่
ได้สิว่ะ,ใช่
ได้สิจ้ะ,ใช่
ได้สิจ๊ะ,ใช่
ยินดี,ใช่
ยินดีครับ,ใช่
ยินดีค่ะ,ใช่
ยินดีนะ,ใช่
ยินดีคับ,ใช่
ยินดีนะคะ,ใช่
ยินดีนะจ๊ะ,ใช่
ยินดีจ้า,ใช่
ยินดีละ,ใช่
ยินดีว่ะ,ใช่
ยินดีจ้ะ,ใช่
ยินดีจ๊ะ,ใช่
ขอโทษ,ไม่ใช่
ขอโทษครับ,ไม่ใช่
ขอโทษค่ะ,ไม่ใช่
ขอโทษนะ,ไม่ใช่
ขอโทษคับ,ไม่ใช่
ขอโทษนะคะ,ไม่ใช่
ขอโทษนะจ๊ะ,ไม่ใช่
ขอโทษจ้า,ไม่ใช่
ขอโทษละ,ไม่ใช่
ขอโทษว่ะ,ไม่ใช่
ขอโทษจ้ะ,ไม่ใช่
ขอโทษจ๊ะ,ไม่ใช่
ขอโทษที,ไม่ใช่
ขอโทษทีครับ,ไม่ใช่
ขอโทษทีค่ะ,ไม่ใช่
ขอโทษทีนะ,ไม่ใช่
ขอโทษทีคับ,ไม่ใช่
ขอโทษทีนะคะ,ไม่ใช่
ขอโทษทีนะจ๊ะ,ไม่ใช่
ขอโทษทีจ้า,ไม่ใช่
ขอโทษทีละ,ไม่ใช่
ขอโทษทีว่ะ,ไม่ใช่
ขอโทษทีจ้ะ,ไม่ใช่
ขอโทษทีจ๊ะ,ไม่ใช่
เสียใจจัง,ไม่ใช่
เสียใจจังครับ,ไม่ใช่
เสียใจจังค่ะ,ไม่ใช่
เสียใจจังนะ,ไม่ใช่
เสียใจจังคับ,ไม่ใช่
เสียใจจังนะคะ,ไม่ใช่
เสียใจจังนะจ๊ะ,ไม่ใช่
เสียใจจังจ้า,ไม่ใช่
เสียใจจังละ,ไม่ใช่
เสียใจจังว่ะ,ไม่ใช่
เสียใจจังจ้ะ,ไม่ใช่
เสียใจจังจ๊ะ,ไม่ใช่
เสียใจ,ไม่ใช่
เสียใจครับ,ไม่ใช่
เสียใจค่ะ,ไม่ใช่
เสียใจนะ,ไม่ใช่
เสียใจคับ,ไม่ใช่
เสียใจนะคะ,ไม่ใช่
เสียใจนะจ๊ะ,ไม่ใช่
เสียใจจ้า,ไม่ใช่
เสียใจละ,ไม่ใช่
เสียใจว่ะ,ไม่ใช่
เสียใจจ้ะ,ไม่ใช่
เสียใจจ๊ะ,ไม่ใช่
ตกลง,ใช่
ตกลงครับ,ใช่
ตกลงค่ะ,ใช่
ตกลงนะ,ใช่
ตกลงคับ,ใช่
ตกลงนะคะ,ใช่
ตกลงนะจ๊ะ,ใช่
ตกลงจ้า,ใช่
ตกลงละ,ใช่
ตกลงว่ะ,ใช่
ตกลงจ้ะ,ใช่
ตกลงจ๊ะ,ใช่
รับได้,ใช่
รับได้ครับ,ใช่
รับได้ค่ะ,ใช่
รับได้นะ,ใช่
รับได้คับ,ใช่
รับได้นะคะ,ใช่
รับได้นะจ๊ะ,ใช่
รับได้จ้า,ใช่
รับได้ละ,ใช่
รับได้ว่ะ,ใช่
รับได้จ้ะ,ใช่
รับได้จ๊ะ,ใช่
พร้อม,ใช่
พร้อมครับ,ใช่
พร้อมค่ะ,ใช่
พร้อมนะ,ใช่
พร้อมคับ,ใช่
พร้อมนะคะ,ใช่
พร้อมนะจ๊ะ,ใช่
พร้อมจ้า,ใช่
พร้อมละ,ใช่
พร้อมว่ะ,ใช่
พร้อมจ้ะ,ใช่
พร้อมจ๊ะ,ใช่
ยินยอม,ใช่
ยินยอมครับ,ใช่
ยินยอมค่ะ,ใช่
ยินยอมนะ,ใช่
ยินยอมคับ,ใช่
ยินยอมนะคะ,ใช่
ยินยอมนะจ๊ะ,ใช่
ยินยอมจ้า,ใช่
ยินยอมละ,ใช่
ยินยอมว่ะ,ใช่
ยินยอมจ้ะ,ใช่
ยินยอมจ๊ะ,ใช่
ไม่ตกลง,ไม่ใช่
ไม่ตกลงครับ,ไม่ใช่
ไม่ตกลงค่ะ,ไม่ใช่
ไม่ตกลงนะ,ไม่ใช่
ไม่ตกลงคับ,ไม่ใช่
ไม่ตกลงนะคะ,ไม่ใช่
ไม่ตกลงนะจ๊ะ,ไม่ใช่
ไม่ตกลงจ้า,ไม่ใช่
ไม่ตกลงละ,ไม่ใช่
ไม่ตกลงว่ะ,ไม่ใช่
ไม่ตกลงจ้ะ,ไม่ใช่
ไม่ตกลงจ๊ะ,ไม่ใช่
ไม่รับได้,ไม่ใช่
ไม่รับได้ครับ,ไม่ใช่
ไม่รับได้ค่ะ,ไม่ใช่
ไม่รับได้นะ,ไม่ใช่
ไม่รับได้คับ,ไม่ใช่
ไม่รับได้นะคะ,ไม่ใช่
ไม่รับได้นะจ๊ะ,ไม่ใช่
ไม่รับได้จ้า,ไม่ใช่
ไม่รับได้ละ,ไม่ใช่
ไม่รับได้ว่ะ,ไม่ใช่
ไม่รับได้จ้ะ,ไม่ใช่
ไม่รับได้จ๊ะ,ไม่ใช่
ไม่พร้อม,ไม่ใช่
ไม่พร้อมครับ,ไม่ใช่
ไม่พร้อมค่ะ,ไม่ใช่
ไม่พร้อมนะ,ไม่ใช่
ไม่พร้อมคับ,ไม่ใช่
ไม่พร้อมนะคะ,ไม่ใช่
ไม่พร้อมนะจ๊ะ,ไม่ใช่
ไม่พร้อมจ้า,ไม่ใช่
ไม่พร้อมละ,ไม่ใช่
ไม่พร้อมว่ะ,ไม่ใช่
ไม่พร้อมจ้ะ,ไม่ใช่
ไม่พร้อมจ๊ะ,ไม่ใช่
ไม่ยินยอม,ไม่ใช่
ไม่ยินยอมครับ,ไม่ใช่
ไม่ยินยอมค่ะ,ไม่ใช่
ไม่ยินยอมนะ,ไม่ใช่
ไม่ยินยอมคับ,ไม่ใช่
ไม่ยินยอมนะคะ,ไม่ใช่
ไม่ยินยอมนะจ๊ะ,ไม่ใช่
ไม่ยินยอมจ้า,ไม่ใช่
ไม่ยินยอมละ,ไม่ใช่
ไม่ยินยอมว่ะ,ไม่ใช่
ไม่ยินยอมจ้ะ,ไม่ใช่
ไม่ยินยอมจ๊ะ,ไม่ใช่
ขอผ่าน,ไม่ใช่
ขอผ่านครับ,ไม่ใช่
ขอผ่านค่ะ,ไม่ใช่
ขอผ่านนะ,ไม่ใช่
ขอผ่านคับ,ไม่ใช่
ขอผ่านนะคะ,ไม่ใช่
ขอผ่านนะจ๊ะ,ไม่ใช่
ขอผ่านจ้า,ไม่ใช่
ขอผ่านละ,ไม่ใช่
ขอผ่านว่ะ,ไม่ใช่
ขอผ่านจ้ะ,ไม่ใช่
ขอผ่านจ๊ะ,ไม่ใช่
ยังไม่สะดวก,ไม่ใช่
ยังไม่สะดวกครับ,ไม่ใช่
ยังไม่สะดวกค่ะ,ไม่ใช่
ยังไม่สะดวกนะ,ไม่ใช่
ยังไม่สะดวกคับ,ไม่ใช่
ยังไม่สะดวกนะคะ,ไม่ใช่
ยังไม่สะดวกนะจ๊ะ,ไม่ใช่
ยังไม่สะดวกจ้า,ไม่ใช่
ยังไม่สะดวกละ,ไม่ใช่
ยังไม่สะดวกว่ะ,ไม่ใช่
ยังไม่สะดวกจ้ะ,ไม่ใช่
ยังไม่สะดวกจ๊ะ,ไม่ใช่
ผ่านไปก่อน,ไม่ใช่
ผ่านไปก่อนครับ,ไม่ใช่
ผ่านไปก่อนค่ะ,ไม่ใช่
ผ่านไปก่อนนะ,ไม่ใช่
ผ่านไปก่อนคับ,ไม่ใช่
ผ่านไปก่อนนะคะ,ไม่ใช่
ผ่านไปก่อนนะจ๊ะ,ไม่ใช่
ผ่านไปก่อนจ้า,ไม่ใช่
ผ่านไปก่อนละ,ไม่ใช่
ผ่านไปก่อนว่ะ,ไม่ใช่
ผ่านไปก่อนจ้ะ,ไม่ใช่
ผ่านไปก่อนจ๊ะ,ไม่ใช่
ไม่มี,ไม่ใช่
ไม่มีครับ,ไม่ใช่
ไม่มีค่ะ,ไม่ใช่
ไม่มีนะ,ไม่ใช่
ไม่มีคับ,ไม่ใช่
ไม่มีนะคะ,ไม่ใช่
ไม่มีนะจ๊ะ,ไม่ใช่
ไม่มีจ้า,ไม่ใช่
ไม่มีละ,ไม่ใช่
ไม่มีว่ะ,ไม่ใช่
ไม่มีจ้ะ,ไม่ใช่
ไม่มีจ๊ะ,ไม่ใช่
มี,ใช่
มีครับ,ใช่
มีค่ะ,ใช่
มีนะ,ใช่
มีคับ,ใช่
มีนะคะ,ใช่
มีนะจ๊ะ,ใช่
มีจ้า,ใช่
มีละ,ใช่
มีว่ะ,ใช่
มีจ้ะ,ใช่
มีจ๊ะ,ใช่
มานี่ก่อน,ใช่
มานี่ก่อนครับ,ใช่
มานี่ก่อนค่ะ,ใช่
มานี่ก่อนนะ,ใช่
มานี่ก่อนคับ,ใช่
มานี่ก่อนนะคะ,ใช่
มานี่ก่อนนะจ๊ะ,ใช่
มานี่ก่อนจ้า,ใช่
มานี่ก่อนละ,ใช่
มานี่ก่อนว่ะ,ใช่
มานี่ก่อนจ้ะ,ใช่
มานี่ก่อนจ๊ะ,ใช่
มาได้ครับ,ใช่
มาได้ครับครับ,ใช่
มาได้ครับค่ะ,ใช่
มาได้ครับนะ,ใช่
มาได้ครับคับ,ใช่
มาได้ครับนะคะ,ใช่
มาได้ครับนะจ๊ะ,ใช่
มาได้ครับจ้า,ใช่
มาได้ครับละ,ใช่
มาได้ครับว่ะ,ใช่
มาได้ครับจ้ะ,ใช่
มาได้ครับจ๊ะ,ใช่
เตรียมพร้อม,ใช่
เตรียมพร้อมครับ,ใช่
เตรียมพร้อมค่ะ,ใช่
เตรียมพร้อมนะ,ใช่
เตรียมพร้อมคับ,ใช่
เตรียมพร้อมนะคะ,ใช่
เตรียมพร้อมนะจ๊ะ,ใช่
เตรียมพร้อมจ้า,ใช่
เตรียมพร้อมละ,ใช่
เตรียมพร้อมว่ะ,ใช่
เตรียมพร้อมจ้ะ,ใช่
เตรียมพร้อมจ๊ะ,ใช่
เตรียมพร้อมแล้วครับ,ใช่
เตรียมพร้อมแล้วครับครับ,ใช่
เตรียมพร้อมแล้วครับค่ะ,ใช่
เตรียมพร้อมแล้วครับนะ,ใช่
เตรียมพร้อมแล้วครับคับ,ใช่
เตรียมพร้อมแล้วครับนะคะ,ใช่
เตรียมพร้อมแล้วครับนะจ๊ะ,ใช่
เตรียมพร้อมแล้วครับจ้า,ใช่
เตรียมพร้อมแล้วครับละ,ใช่
เตรียมพร้อมแล้วครับว่ะ,ใช่
เตรียมพร้อมแล้วครับจ้ะ,ใช่
เตรียมพร้อมแล้วครับจ๊ะ,ใช่
ครับ,ใช่
เคยครับ,ใช่
ไม่ครับ,ไม่ใช่
ไม่เคยครับ,ไม่ใช่
เป็นหลังจากคลอดบุตร,ใช่
ไม่เป็นหลังจากคลอดบุตร,ไม่ใช่
เคยออกมาครับ,ใช่
ไม่เคย,ไม่ใช่
เคย,ใช่
ประจำ,ใช่
ประจำครับ,ใช่
เป็นประจำค่ะ,ใช่
ไม่ประจำครับ,ไม่ใช่
ไม่ประจำ,ไม่ใช่
ไม่เป็นประจำครับ,ไม่ใช่
ไม่เป็นประจำ,ไม่ใช่
เป็นประจำ,ใช่
เป็นประจำครับ,ใช่
ใช้ตลอดครับ,ใช่
กินยามาครับ,ใช่
กินยามา,ใช่
ใช้,ใช่
ใช้ตลอด,ใช่
ไม่ได้กิน,ไม่ใช่
ไม่ได้กินครับ,ไม่ใช่
ไม่เคยใช้งานเลย,ไม่ใช่
ไม่เคยใช้งานเลยครับ,ไม่ใช่
ปวด,ใช่
ปวดครับ,ใช่
ปวดมาก,ใช่
ปวดนิดหน่อย,ใช่
ปวดอยู่,ใช่
ปวดประจำ,ใช่
ปวดอยู่บ่อยๆ,ใช่
ปวดค่ะ,ใช่
ไม่มีอาการ,ไม่ใช่
มีอาการ,ใช่
มีอาการนิดหน่อย,ใช่
ไม่มีอาการเลยครับ,ไม่ใช่
เป็น,ใช่
ไม่เป็น,ไม่ใช่
เคยเป็น,ใช่
ไม่เคยเป็นเลย,ไม่ใช่
ผมเคยเป็นครับ,ใช่
ฉันไม่เคยเป็น,ไม่ใช่
ยินดีครับ,ใช่
โอเคร,ใช่
มีไข้ครับ,ใช่
มีไข้,ใช่
บาดเจ็บ,ใช่
เคยได้รับบาดเจ็บ,ใช่
พบอาการ,ใช่
มีอาการ,ใช่
เคยมีอาการ,ใช่
มีแผล,ใช่
มีแผลที่ร่างกาย,ใช่
กินยา,ใช่
ดื่มครับ,ใช่
ดื่มกาแฟ,ใช่
ดื่มแอลกอฮอล์,ใช่
กินข้าว,ใช่
กินแล้วครับ,ใช่
กินแล้ว,ใช่
เคยกิน,ใช่
ตัวเหลือง,ใช่
ตาเหลือง,ใช่
หน้าซีด,ใช่
ตัวซีด,ใช่
มีก้อนในท้อง,ใช่
น้ำหนักลด,ใช่
เจอ,ใช่
เจอครับ,ใช่
เจอค่ะ,ใช่
เจอมันครับ,ใช่
ปวดครับ,ใช่
ปวดข้อ,ใช่
ปวดเอ็น,ใช่
ท้องผูก,ใช่
คันครับ,ใช่
มีอาการคัน,ใช่
คันมาก,ใช่
คันหลังมาก,ใช่
คันคอ,ใช่
คันหน้า,ใช่
คันท้อง,ใช่
คันปาก,ใช่
คันตัว,ใช่
คันขา,ใช่
ผมร่วงครับ,ใช่
ผมบาง,ใช่
มีผื่น,ใช่
มีตุ่ม,ใช่
มีวงด่าง,ใช่
ผื่น,ใช่
ตุ่ม,ใช่
ด่าง,ใช่
บวม,ใช่
ผิวหนังบวม,ใช่
ผื่นคัน,ใช่
เป็นลมพิษ,ใช่
เป็นลม,ใช่
มีลมพิษ,ใช่
อาการกำเริบ,ใช่
อาการคัน,ใช่
มีอาการแพ้,ใช่
แพ้อาหาร,ใช่
กินอาการที่แพ้,ใช่
มีเสมหะ,ใช่
เสมหะ,ใช่
คัดคอ,ใช่
จาม,ใช่
จามบ่อย,ใช่
คัดจมูก,ใช่
ไอมานาน,ใช่
เหงื่อยง่าย,ใช่
เป็นเรื้อรัง,ใช่
ปอดเคาะโปร่ง,ใช่
สูบบุหรี่จัด,ใช่
มีเสียงอี๊ด,ใช่
ดื่ม,ใช่
ไอเป็นเลือด,ใช่
ไอเสียงก้อง,ใช่
หายใจมีเสียงฮี๊ด,ใช่
ปวดหู,ใช่
หูอื้อ,ใช่
คอแข็ง,ใช่
หอบ,ใช่
ปวดหัวมาก,ใช่
ปวดศีรษะ,ใช่
ปวดศีรษะมาก,ใช่
ชัก,ใช่
มีอาการชัก,ใช่
อาเจียน,ใช่
อาเจียนรุนแรง,ใช่
ช็อก,ใช่
มีภาวะช็อก,ใช่
มีไข้,ใช่
น้ำหนักลด,ใช่
จับไข้หนาวสั่น,ใช่
จุดแดง,ใช่
มีจุดแดง,ใช่
ม้ามโต,ใช่
หนาวสั่นมาก,ใช่
หนาวสั่น,ใช่
เคาะเจ็บ,ใช่
ปัสสาวะขุ่น,ใช่
เคยอยู่,ใช่
อยู่ในปัจจุบัน,ใช่
หายใจเร็ว,ใช่
หน้าซีด,ใช่
มีจ้ำเขียว,ใช่
เจ็บหน้าอก,ใช่
เท้าบวม,ใช่
ทอนชิลโตแดง,ใช่
มีไข้สูง,ใช่
มีการอักเสบเป็นหนอง,ใช่
อ่อนเพลีย,ใช่
คลื่นไส้,ใช่
เวียนหัว,ใช่
เวียนศีรษะ,ใช่
ทำงาน,ใช่
อาการร้อน,ใช่
อาการเย็น,ใช่
ไข้สูง,ใช่
หน้าแดง,ใช่
เปลือกตาแดง,ใช่
ปวดข้อ,ใช่
ผื่นแดง,ใช่
ตับโต,ใช่
ดื่มมาก,ใช่
เจ็บแปลบ,ใช่
เสลด,ใช่
ตุ่มนูน,ใช่
ตุ่มใส,ใช่
ขึ้นกระจายทั่วตัว,ใช่
ขึ้น,ใช่
ขึ้นทั่วตัว,ใช่
แขนขาอ่อนแรง,ใช่
อัมพาต,ใช่
น้ำหนักลด,ใช่
น้ำหนักเพิ่ม,ใช่
นอนไม่พอ,ใช่
เป็นไข้หวัด,ใช่
ง่วง,ใช่
ง่วงมาก,ใช่
คิดมาก,ใช่
กังวลใจ,ใช่
เสียใจ,ใช่
กลุ้มใจ,ใช่
กินมากกว่าปกติ,ใช่
กินปกติ,ใช่
ปกติครับ,ใช่
กระหายน้ำ,ใช่
มือสั่น,ใช่
ขี้ร้อน,ใช่
ตาโปน,ใช่
มีจุดแดงรูปแมงมุม,ใช่
ปากดำ,ใช่
ลิ้นดำ,ใช่
หน้ามืด,ใช่
ผิวหนังดำคล้ำ,ใช่
ตกเลือด,ใช่
อ้วนเท้าบวม,ใช่
อ้วน,ใช่
ตาพร่ามัว,ใช่
กินยา,ใช่
ดื่มนม,ใช่
กิน,ใช่
หายใจหอบ,ใช่
ฝ่ามือแดง,ใช่
ปวดท้อง,ใช่
แท้งบุตร,ใช่
มีประวัติครับ,ใช่
ไม่ยินดีครับ,ไม่ใช่
ไม่โอเคร,ไม่ใช่
ไม่มีไข้ครับ,ไม่ใช่
ไม่มีไข้,ไม่ใช่
ไม่บาดเจ็บ,ไม่ใช่
ไม่เคยได้รับบาดเจ็บ,ไม่ใช่
ไม่พบอาการ,ไม่ใช่
ไม่มีอาการ,ไม่ใช่
ไม่เคยมีอาการ,ไม่ใช่
ไม่มีแผล,ไม่ใช่
ไม่มีแผลที่ร่างกาย,ไม่ใช่
ไม่กินยา,ไม่ใช่
ไม่ดื่มครับ,ไม่ใช่
ไม่ดื่มกาแฟ,ไม่ใช่
ไม่ดื่มแอลกอฮอล์,ไม่ใช่
ไม่กินข้าว,ไม่ใช่
ไม่กินแล้วครับ,ไม่ใช่
ไม่กินแล้ว,ไม่ใช่
ไม่เคยกิน,ไม่ใช่
ไม่ตัวเหลือง,ไม่ใช่
ไม่ตาเหลือง,ไม่ใช่
ไม่หน้าซีด,ไม่ใช่
ไม่ตัวซีด,ไม่ใช่
ไม่มีก้อนในท้อง,ไม่ใช่
ไม่น้ำหนักลด,ไม่ใช่
ไม่เจอ,ไม่ใช่
ไม่เจอครับ,ไม่ใช่
ไม่เจอค่ะ,ไม่ใช่
ไม่เจอมันครับ,ไม่ใช่
ไม่ปวดครับ,ไม่ใช่
ไม่ปวดข้อ,ไม่ใช่
ไม่ปวดเอ็น,ไม่ใช่
ไม่ท้องผูก,ไม่ใช่
ไม่คันครับ,ไม่ใช่
ไม่มีอาการคัน,ไม่ใช่
ไม่คันมาก,ไม่ใช่
ไม่คันหลังมาก,ไม่ใช่
ไม่คันคอ,ไม่ใช่
ไม่คันหน้า,ไม่ใช่
ไม่คันท้อง,ไม่ใช่
ไม่คันปาก,ไม่ใช่
ไม่คันตัว,ไม่ใช่
ไม่คันขา,ไม่ใช่
ไม่ผมร่วงครับ,ไม่ใช่
ผมไม่บาง,ไม่ใช่
ไม่มีผื่น,ไม่ใช่
ไม่มีตุ่ม,ไม่ใช่
ไม่มีวงด่าง,ไม่ใช่
ไม่เป็นลมพิษ,ไม่ใช่
ไม่มีลมพิษ,ไม่ใช่
ไม่มีอาการกำเริบ,ไม่ใช่
ไม่มีอาการคัน,ไม่ใช่
ไม่มีอาการแพ้,ไม่ใช่
ไม่แพ้อาหาร,ไม่ใช่
กินอาการที่ไม่แพ้,ไม่ใช่
ไม่มีเสมหะ,ไม่ใช่
ไม่จาม,ไม่ใช่
ไม่คัดจมูก,ไม่ใช่
ไม่ไอ,ไม่ใช่
ไม่เหงื่อยง่าย,ไม่ใช่
ไม่เป็นเรื้อรัง,ไม่ใช่
ไม่ปอดเคาะโปร่ง,ไม่ใช่
ไม่สูบบุหรี่จัด,ไม่ใช่
ไม่มีเสียงอี๊ด,ไม่ใช่
ไม่ดื่ม,ไม่ใช่
ไม่ไอเป็นเลือด,ไม่ใช่
ไม่ไอเสียงก้อง,ไม่ใช่
ไม่หายใจมีเสียงฮี๊ด,ไม่ใช่
ไม่ปวดหัวมาก,ไม่ใช่
ไม่ปวดศีรษะ,ไม่ใช่
ไม่ปวดศีรษะมาก,ไม่ใช่
ไม่ชัก,ไม่ใช่
ไม่มีอาการชัก,ไม่ใช่
ไม่อาเจียน,ไม่ใช่
ไม่อาเจียนรุนแรง,ไม่ใช่
ไม่ช็อก,ไม่ใช่
ไม่มีภาวะช็อก,ไม่ใช่
ไม่มีไข้,ไม่ใช่
น้ำหนักไม่ลด,ไม่ใช่
ไม่มีอาการจับไข้หนาวสั่น,ไม่ใช่
ไม่มีจุดแดง,ไม่ใช่
ไม่มีอาการหนาวสั่น,ไม่ใช่
เคาะไม่เจ็บ,ไม่ใช่
ปัสสาวะไม่ขุ่น,ไม่ใช่
ไม่เคยอยู่,ไม่ใช่
ไม่มีจ้ำเขียว,ไม่ใช่
ไม่เจ็บหน้าอก,ไม่ใช่
ไม่เท้าบวม,ไม่ใช่
ไม่ปวดข้อ,ไม่ใช่
ไม่เจ็บแปลบ,ไม่ใช่
ไม่มีเสลด,ไม่ใช่
ไม่มีตุ่มนูน,ไม่ใช่
ไม่มีตุ่มใส,ไม่ใช่
ไม่ขึ้นกระจายทั่วตัว,ไม่ใช่
ไม่ขึ้น,ไม่ใช่
ไม่ขึ้นทั่วตัว,ไม่ใช่
ไม่เป็นอัมพาต,ไม่ใช่
ไม่ง่วง,ไม่ใช่
ไม่ง่วงมาก,ไม่ใช่
ไม่คิดมาก,ไม่ใช่
ไม่กังวลใจ,ไม่ใช่
ไม่เสียใจ,ไม่ใช่
ไม่กลุ้มใจ,ไม่ใช่
ไม่ปกติครับ,ไม่ใช่
ไม่กระหายน้ำ,ไม่ใช่
ไม่มีจุดแดงรูปแมงมุม,ไม่ใช่
ไม่อ้วนเท้าบวม,ไม่ใช่
ไม่อ้วน,ไม่ใช่
ตาไม่พร่ามัว,ไม่ใช่
ไม่ได้กินยา,ไม่ใช่
ไม่มีประวัติครับ,ไม่ใช่
ไม่ต้องการอะไรเพิ่ม,ไม่ใช่
ไม่มีอะไร,ไม่ใช่
ไม่มีอาการ,ไม่ใช่
อาการไม่มี,ไม่ใช่
ไม่ได้ดินยา,ไม่ใช่
ไม่มีรอยฟกช้ำ,ไม่ใช่
ไม่ได้รับบาดเจ็บ,ไม่ใช่
ไม่เคยได้รับบาดเจ็บ,ไม่ใช่
ไม่มีแผล,ไม่ใช่
ไม่ได้มีแผล,ไม่ใช่
 ,None
ระบบพัง,None
ไปเที่ยว,None
เดินทาง,None
เครื่องบิน,None
กระเบิด,None
ไปทำงานที่ต่างประเทศ,None
มีงานจะต้องทำ,None
ระบบแย่,None
ระบบทำงาน,None
มองอะไร,None
มองทำไม,None
คิดอะไรอยู่ครับ,None
มาทำไม,None
เป็นอะไรมา,None
สวัสดี,None
สวัสดีครับ,None
ยินดีต้อนรับครับ,None
สวัสดีครับคุณหมอ,None
คุณแพทย์,None
คุณหมอ,None
คุณพยาบาล,None
มายังไงครับ,None
เดินไปทางนั้นเลยครับ,None
เดินมองทางขวาไว้นะครับ,None
เลือกให้ถูกนะครับ,None
เลือกดีๆ,None
ปิดแล้วหลับ,None
หลับตาลงนะครับ,None
เดินทางปลอดภัย,None
อยากไปทางไหนเหรอครับ,None
ชอบการเดินทางหรือป่าว,None
คิดแล้วปวดหัวจังเลยครับ,None
ผมเห็นอะไรก็ไม่รู้,None
ไปกันเถอะครับ,None
ไปมายังไงดี,None
หมอช่วยผมด้วยครับ,None
พยาบาลมานี่หน่อยครับ,None
พยาบาลผมพร้อมแล้วครับ,None
ผมชอบเครื่องนี้มากเลยนะครับ,None
หมอเรียก,None
หมอเรียกครับ,None
แพทย์เรียก,None
พยาบาลเดินมา,None
พยาบาลมาแล้วครับ,None
จะต้องคุยกับพยาบาลก่อน,None
จะต้องคุยกับแพทย์ก่อน,None
แพทย์กำลังสอนอยู่นะครับ,None
กำลังไปครับ,None
มีอะไรบ้างอย่าง,None
แพทย์กำลังจ่ายยา,None
หมอกำลังจ่ายยาให้ผม,None
ไม่ชอบเลยครับ,None
ไม่ชอบการกระทำแบบนี้เลย,None
แล้วมันคืออะไร,None
แล้วมันเกิดอะไรขึ้นเหรอครับ,None
อวตาร,None
น่ารักดีนะ,None
เดินทางปลอดภัย,None
เธอน่ารักดีนะครับ,None
ไปพร้อมกับได้หรือป่าว,None
ระบบกำลังดำเนินการ,None
การดำเนินการถูกต้อง,None
กำลังดำเนินการ,None
ซ้ายหรือขวาดี,None
ใช่หรือไม่,None
ใช่หรือป่าว,None
แน่นอนใช่หรือไม่,None
ไม่ใช่หรือป่าวครับ,None
ใช่หรือไม่ใช่,None
ไม่หรือใช่,None
ไม่ใช่หรือใช่,None
เกิดขึ้นจริงๆหรือป่าวครับ,None
จริงหรือป่าวครับ,None
เป็นไปได้ไหม,None
เป็นไปได้หรือป่าว,None
ถูกต้องหรือป่าว,None
จริงหรือไม่,None
มันเกิดขึ้นจริงๆหรือป่าวครับ,None
มันจริงหรือป่าวครับ,None
มันเป็นไปได้ไหม,None
มันเป็นไปได้หรือป่าว,None
มันถูกต้องหรือป่าว,None
มันจริงหรือไม่,None
ดีแล้วจริงหรือ,None
ถูกต้องแล้วแน่หรือ,None
เป็นไปตามนั้นจริงหรือป่าว,None
เป็นไปแล้วหรือป่าว,None
ชอบหรือไม่ชอบ,None
ดีหรือไม่ดี,None
เกิดขึ้นแล้วหรือยังไม่เกิดขึ้น,None
เป็นไปตามเป้าหมายหรือป่าวครับ,None
จริงเหรอครับ,None
เป็นจริงเหรอครับ,None
ชอบจริงเหรอครับ,None
มันยังไม่เกิดใช้ไหมครับ,None
มันเกิดหรือยัง,None
เป็นอะไรไปเหรอ,None
รายงานการกระทำ,None
เป็นอะไรไปเหรอครับ,None
เดินไปพร้อมกันดีไหม,None
เป็นควยอะไร,None
โหดร้ายจังเลยครับ,None
เป็นอะไรก่อน,None
ทำไรครับเนี้ย,None
สนใจกันบ้างนะครับ,None
สนใจกันบ้าง,None
จริงรึป่าว,None
อร่อยมั้ย,None
เป็นจริงไหม,None
เป็นจริงรึป่าว,None
หนังสืออันนี้สนุกดีนะ,None
เป็นไปได้หรือป่าว,None
จบหรือไม่จบ,None
ไม่จบหรือจบ,None
ไม่ได้สนใจอะไร,None
เป็นเปล่า,None
ไปป่ะ,None
เอามั้ย,None
เป็นมั้ย,None
ไปมั้ย,None
ไปกันป่ะ,None
ไปกินข้าวกันไหม,None
เอายังไงก็บอกกันสิ,None
อร่อยมั้ยคะ,None
อร่อยมั้ยครับ,None
เป็นไปได้หรือป่าวครับ,None
จบหรือไม่จบครับ,None
ไม่จบหรือจบครับ,None
ไม่ได้สนใจอะไรครับ,None
เป็นเปล่าครับ,None
ไปป่ะครับ,None
เอามั้ยครับ,None
เป็นมั้ยครับ,None
ไปมั้ยครับ,None
ไปกันป่ะครับ,None
ไปกินข้าวกันไหมครับ,None
เอายังไงก็บอกกันสิครับ,None
เป็นจริงไหมคะ,None
เป็นจริงรึป่าวคะ,None
หนังสืออันนี้สนุกดีนะคะ,None
เป็นไปได้หรือป่าวคะ,None
จบหรือไม่จบคะ,None
ไม่จบหรือจบคะ,None
ไม่ได้สนใจอะไรคะ,None
เป็นเปล่าคะ,None
ไปป่ะคะ,None
เอามั้ยคะ,None
เป็นมั้ยคะ,None
ไปมั้ยคะ,None
ไปกันป่ะคะ,None
ไปกินข้าวกันไหมคะ,None
เอายังไงก็บอกกันสิคะ,None
เป็นไปตามเป้าหมายหรือป่าวคะ,None
จริงเหรอคะ,None
เป็นจริงเหรอคะ,None
ชอบจริงเหรอคะ,None
มันยังไม่เกิดใช้ไหมคะ,None
ไปเที่ยวครับ,None
เดินทางครับ,None
เครื่องบินครับ,None
กระเบิดคับ,None
ไปทำงานที่ต่างประเทศคับ,None
มีงานจะต้องทำคับ,None
ระบบแย่คับ,None
ระบบทำงานคับ,None
มองอะไรคับ,None
มองทำไมคับ,None
ไปเที่ยวค่ะ,None
เดินทางคับ,None
เครื่องบินคับ,None
กระเบิดคับ,None
ไปทำงานที่ต่างประเทศค่ะ,None
มีงานจะต้องทำค่ะ,None
ระบบแย่ค่ะ,None
ระบบทำงานค่ะ,None
มองอะไรคะ,None
มองทำไมคะ,None
เป็นอะไรนะ,None
เอารึป่าว,None
เป็นอะไรรึป่าว,None
ชอบหรือป่าว,None
ชอบหรือป่าวคะ,None
ชอบหรือป่าวครับ,None
จิงไหม,None
จิงมั่ย,None
จิงหรือป่าว,None
จริงหรือไม่,None
รักเธอจริงๆ,None
หรั่ง,None
ชอบที่เธอเป็นเธอ,None
วงแทมมะริน,None
แตกแล้ว,None
ตายแล้ว,None
ตายจริงๆสินะ,None
มันเกิดเรื่องแย่ๆขึ้น,None
เพราะทั้งใจ,None
ศิลปิน,None
อะไรก็ดีหมดแหละครับ,None
ที่จะทำให้ทายคำปริศนานั้นได้ถูกต้อง,None
เป็นคำแสดงคำถามที่ต้องการ,None
ให้เลือกคำถามอะไรก็ได้,None
โดยคำตอบของคำถาม,None
ไม่ใช่โดยจะขึ้นคำถามให้ทีละชุด,None
คําสรรพนาม,None
เป็นเกมฝึกทดสอบความรู้,None
เพียงท่ายตอบว่า,None
ทดสอบเก็บคะแนน,None
โดยมีตารางคะแนนของผู้เล่นทั่วประเทศ,None
เวลาของแต่ล่ะตอนค่ะ,None
ถ้ามีข้อผิดพลาดตรงไหนต้องข้ออภัยด้วยนะคะ,None
มีเรื่องไหนสนุกๆอยากให้อ่าน,None
แนะนำกันได้ค่ะ,None
ประโยคคำถาม,None
บ้านของมดทำจากใบไม้ใช่หรือไม,None
ใครสร้างโรงเรียนวังไกลกังวล ในพระบรมราชูปถัมภ์,None
บ้านของนักเรียนอยู่ที่ไหน,None
ทำไมคนและสัตว์ต้องมีบ้าน,None
นักเรียนสามารถปฏิบัติตนเป็นคนดีได้อย่างไร,None
คุณแม่จะกลับบ้านเมื่อไร,None
การเขียนประโยคคำถาม จากประโยคบอกเล่า,None
แก้วปั่นจักรยานไปที่ไหน,None
ใคร คิดเลขเก่ง,None
ทำไมเธอไม่ไปโรงเรียน,None
แม่นำดอกมะลิไปบูชาพระเมื่อไร,None
แก้วปั่นจักรยานไปตลาด,None
สมชายคิดเลขเก่ง,None
ฉันไม่ไปโรงเรียนเพราะเป็นวันเสาร์,None
เมื่อคืนแม่นำดอกมะลิไปบูชาพระ,None
คำถามซึ่งอาจอยู่ต้นประโยคหรือท้ายประโยคก็ได้,None
คำถามที่เกี่ยวกับประวัติของคุณ,None
พูดเกี่ยวกับประวัติ,None
เรซูเม่ของคุณให้ฉันฟังหน่อย,None
บรรยายเกี่ยวกับตัวคุณเองที,None
อยากให้คุณ พูดเกี่ยวกับประวัติการศึกษาของคุณหน่อย,None
บอกฉันเกี่ยวกับประวัติการทำงานของคุณ,None
งานอดิเรกของคุณคืออะไร,None
อยากให้เล่าความสำเร็จที่คุณภาคภูมิใจมากที่สุดให้ฟังหน่อย,None
อยากให้คุณเล่าหน่อยว่า เคยผิดพลาดอะไรมากบ้าง,None
อะไรคือความล้มเหลวที่แย่ที่สุดของคุณ,None
จุดแข็งของคุณคืออะไร,None
อะไรคือแรงจูงใจของคุณ,None
คุณเป็นผู้นำหรือผู้ตาม,None
คุณมีประสบการณ์การเป็นผู้นำบ้างไหม,None
จะเป็นการสัมภาษณ์ที่เน้นไปถึงทัศนคติด้านการทำงานมากขึ้น,None
ประโยชน์อะไรที่คุณสามารถทำให้บริษัทของเราได้,None
ทำไมเราถึงต้องจ้างคุณ,None
คุณต้องการเงินเดือนเท่าไหร่,None
คุณจะเริ่มงานได้เมื่อไหร่,None
คุณมีคำถามอะไรที่คุณอยากถามฉันไหม,None
พร้อมหรือป่าวคับ,None
ต้องการอะไรเหรอครับ,None
มีอะไรก็สามารถสอบถามได้นะครับ,None
ต้องการจะกินข้าวหรือป่าว,None
พร้อมที่จะเกินทางหรือป่าวครับ,None
อยากจะทราบก็สามารถตอบได้นะครับ,None
เป็นอะไรหรือป่าว,None
ต้องการอะไรเหรอคะ,None
มีอะไรก็สามารถสอบถามได้นะคะ,None
ต้องการจะกินข้าวหรือป่าวคะ,None
พร้อมที่จะเกินทางหรือป่าวคะ,None
อยากจะทราบก็สามารถตอบได้นะคะ,None
กินข้าวหรือยัง,None
เป็นไปได้หรือป่าว,None
จริงหรือไม่จริงหรือไม่มีโอกาสเลย,None
เห็นแล้วถูกใจหรือป่าว,None
มีอะไรก็บอกได้นะ,None
สามารถดำเนินการได้หรือป่าวครับ,None
ชอบทำอะไรที่ดีหรือไม่ดี,None
งานจะต้องทำอยู่ตลอดหรือป่าว,None
ใช่หรือไม่,None
ดีหรือไม่ถูก,None
เป็นหรือไม่ดี,None
คิดหรือไม่ถูก,None
จบหรือไม่คิด,None
เกินหรือพอดี,None
เกินหรือไม่ครบ,None
พอดีหรือไม่พอดี,None
พอดีหรือป่าว,None
เกินหรือไม่เกิน,None
ไปต่อหรือเดินกลับ,None
เห็นเธอมองมาไกลแล้วฉันก็ตกใจ,None
เป็นไปมาไปหลับนอนลงบนเตียง,None
จะจบดีๆหรือจะจบด้วยน้ำตา,None
ถูกต้องแล้วผิดไหม,None
ถูกต้องแล้วไม่ดีหรือป่าว,None
ทางเดินเดินทาง,None
สวัสดีครับ,None
สวัสดีค่ะ,None
สวัสดีจ๊ะ,None
ว่าไง,None
ว่าไงค่ะ,None
ว่าไงคับ,None
ว่าไงครับ,None
ทักทาย,None
ทักจ้า,None
ทักทายครับ,None
ทักทายจ้า,None
ทักครับ,None
ทักค่ะ,None
ทักงับ,None
เดินมาทักกันด้วยนะ,None
ทักจ้า ว่าไงครับ,None
มาๆ ไปๆ มาทำไม,None
เดินผ่านไปผ่านมา,None
ไอ้หุ่นยนต์นี่มันดูปัญญาอ่อนจัง,None
กระจอกมาก,None
เป็นอะไรที่แย่มากเลยนะ,None
ไปตายสะ,None
ไปตายซะ,None
ไอ้กระป๋อง,None
ไอ้หน้าโง่,None
ไอ้ควาย,None
ไอ้คำหยาบ,None
หุ่นไปตายซะ,None
ฉันต้องการไปต่อยกับหมอ,None
ฉันต้องเดินวนรอบตัวคุณ,None
ฉันต้องการเดินไปทุกที่ ที่ฉันต้องการ,None
เดินตามฉันมาหน่อยสิ,None
กระโดดตามมา,None
ตามมา,None
เป็นไปได้ฉันอยากจะตาย,None
เป็นไปได้ฉันต้องการที่จะหมอบแล้ววิ่ง,None
ผมอยากทำอะไรที่ให้โลกจดจำ,None
เดินทางได้อย่างปลอดภัย,None
ขอบคุณครับ,None
ขอบคุณมากๆเลยครับ,None
ขอบคุณค่ะ,None
ขอบคุณมากๆเลยคนะคะ,None
ขอบใจเจ้ามาก,None
ขอบใจที่บอกนะ,None
บอกได้ตามตรงเลย ฉันอยากเจอเขา,None
จะต้องไปพร้อมกันนะครับ,None
ทุกคนพร้อมหรือป่าว,None
พร้อมกันหรือยัง,None
เดินไปข้างหน้า,None
เดินไปข้างซ้าย,None
เดินไปข้างขวา,None
เดินกลับหลังมา,None
เดินหน้าไปแล้วหันไปทางซ้าย,None
เดินมาแล้วทักกันด้วยนะ,None
ไปได้แล้ว,None
มาได้สักทีนะ,None
มาแล้วก็ยินดีต้อนรับนะครับ,None
คุณครูค่ะ,None
เด็กๆพร้อมไหม,None
เด็กทางนี้จ้า,None
ว่าไงน้องสาว แสนน่ารัก,None
ว่าไงน้องสาว,None
คนสวยมากทางนี้หน่อย,None
นายเป็นใคร,None
นายมาที่นี่ทำไม,None
นายต้องการอะไรจากฉัน,None
นายเป็นที่ต้องการหรือป่าว,None
มึงเป็นใคร,None
กูเป็นใคร,None
จบที่ตรงนี้ได้เลย,None
ตามมาได้นะ ผมจะพอเดินดูเอง,None
ผมไม่ต้องการคุณครับ,None
เป็นไปได้ก็อยากจะพัก,None
